DROP TABLE IF EXISTS public.dpp_evaluate_log;

CREATE TABLE public.dpp_evaluate_log (
  id BIGINT GENERATED BY DEFAULT AS IDENTITY PRIMARY KEY,
  table_name varchar(128),
  column_name varchar(128),
  rule_code varchar(32),
  rule_name varchar(128),
  dimension_type char(1),
  rule_description varchar(512),
  task_log_id BIGINT NOT NULL,
  evaluate_id BIGINT NOT NULL,
  total integer DEFAULT 0,
  problem_total integer DEFAULT 0,
  check_date timestamp(6),
  valid_flag varchar(1) NOT NULL DEFAULT '1',
  del_flag varchar(1) NOT NULL DEFAULT '0',
  create_by varchar(32),
  creator_id bigint,
  create_time timestamp(6),
  update_by varchar(32),
  updater_id bigint,
  update_time timestamp(6),
  remark varchar(512),
  rule text
);

COMMENT ON TABLE public.dpp_evaluate_log IS '评测规则结果表';
COMMENT ON COLUMN public.dpp_evaluate_log.id IS 'ID';
COMMENT ON COLUMN public.dpp_evaluate_log.table_name IS '表名称';
COMMENT ON COLUMN public.dpp_evaluate_log.column_name IS '字段名';
COMMENT ON COLUMN public.dpp_evaluate_log.rule_code IS '稽查规则编号';
COMMENT ON COLUMN public.dpp_evaluate_log.rule_name IS '稽查规则名称';
COMMENT ON COLUMN public.dpp_evaluate_log.dimension_type IS '质量维度';
COMMENT ON COLUMN public.dpp_evaluate_log.rule_description IS '规则描述';
COMMENT ON COLUMN public.dpp_evaluate_log.task_log_id IS '数据质量记录id';
COMMENT ON COLUMN public.dpp_evaluate_log.evaluate_id IS '评测id';
COMMENT ON COLUMN public.dpp_evaluate_log.total IS '总数';
COMMENT ON COLUMN public.dpp_evaluate_log.problem_total IS '问题总数';
COMMENT ON COLUMN public.dpp_evaluate_log.check_date IS '核查时间';
COMMENT ON COLUMN public.dpp_evaluate_log.valid_flag IS '是否有效;0：无效，1：有效';
COMMENT ON COLUMN public.dpp_evaluate_log.del_flag IS '删除标志;1：已删除，0：未删除';
COMMENT ON COLUMN public.dpp_evaluate_log.create_by IS '创建人';
COMMENT ON COLUMN public.dpp_evaluate_log.creator_id IS '创建人id';
COMMENT ON COLUMN public.dpp_evaluate_log.create_time IS '创建时间';
COMMENT ON COLUMN public.dpp_evaluate_log.update_by IS '更新人';
COMMENT ON COLUMN public.dpp_evaluate_log.updater_id IS '更新人id';
COMMENT ON COLUMN public.dpp_evaluate_log.update_time IS '更新时间';
COMMENT ON COLUMN public.dpp_evaluate_log.remark IS '备注';
COMMENT ON COLUMN public.dpp_evaluate_log.rule IS '规则';

INSERT INTO public.dpp_evaluate_log (id, table_name, column_name, rule_code, rule_name, dimension_type, rule_description, task_log_id, evaluate_id, total, problem_total, check_date, valid_flag, del_flag, create_by, creator_id, create_time, update_by, updater_id, update_time, remark, rule) VALUES
(22, 'STATION', 'STATION_CODE', '107', '字段字符类型校验', '2', '【准确性：字段字符类型校验】检查station_code不为空，且必须符合统一格式（如^[A-Z0-9_-]{3,32}$），避免站点编码缺失或异常。', 1, 1, 504, 0, TIMESTAMP '2025-09-23 11:37:07.235', '1', '0', NULL, NULL, TIMESTAMP '2025-09-23 11:37:07.242', NULL, NULL, TIMESTAMP '2025-09-23 11:37:07.242', NULL, '{"ignoreNullValue":"1","regex":"^[A-Z0-9_-]{3,32}$","errDescription":"","evaColumns":[{"name":"STATION_ID","label":"STATION_ID/站点主键（源）"},{"name":"STATION_CODE","label":"STATION_CODE/站点编码（跨源统一关联键）"},{"name":"STATION_NAME","label":"STATION_NAME/站点名称"},{"name":"BASIN_CODE","label":"BASIN_CODE/流域编码"},{"name":"RIVER_NAME","label":"RIVER_NAME/河流名称"},{"name":"LONGITUDE","label":"LONGITUDE/经度"},{"name":"LATITUDE","label":"LATITUDE/纬度"},{"name":"ADMIN_REGION_CODE","label":"ADMIN_REGION_CODE/行政区划码"},{"name":"STATUS","label":"STATUS/1启用/0停用"},{"name":"CREATED_AT","label":"CREATED_AT/创建时间"},{"name":"UPDATED_AT","label":"UPDATED_AT/修改时间"}],"suggestion":"","warningLevel":"2","evaluateName":"站点编码非空与格式稽查","useRegexFlag":1,"allowedChars":["1"]}'),
(23, 'ods_wr_water_level', 'water_level', '306', '数值字段范围校验', '3', '【一致性：数值字段范围校验】校验water_level数值应在合理范围（如 -10~100 米），超界需标记异常。', 2, 2, 16000, 0, TIMESTAMP '2025-09-23 11:37:09.289', '1', '0', NULL, NULL, TIMESTAMP '2025-09-23 11:37:09.349', NULL, NULL, TIMESTAMP '2025-09-23 11:37:09.349', NULL, '{"includeBoundary":"1","minValue":"-10","errDescription":"","maxValue":"96","evaColumns":[{"name":"id","label":"id/记录主键（源）"},{"name":"station_code","label":"station_code/站点编码"},{"name":"obs_time","label":"obs_time/观测时间"},{"name":"water_level","label":"water_level/水位（米）"},{"name":"quality_flag","label":"quality_flag/源端质控标识"},{"name":"ts","label":"ts/源端变更时间"}],"suggestion":"","warningLevel":"2","evaluateName":"水位数值范围稽查"}'),
(24, 'ods_wr_station', 'longitude', '306', '数值字段范围校验', '3', '【一致性：数值字段范围校验】校验经纬度是否落在合理区间（经度 -180180，纬度 -9090），小数位不得超过 6 位。', 4, 7, 16000, 7980, TIMESTAMP '2025-09-23 11:37:13.303', '1', '0', NULL, NULL, TIMESTAMP '2025-09-23 11:37:13.407', NULL, NULL, TIMESTAMP '2025-09-23 11:37:13.407', NULL, '{"includeBoundary":"1","minValue":"-180180","errDescription":"","maxValue":"115","evaColumns":[{"name":"station_id","label":"station_id/站点主键（源）"},{"name":"station_code","label":"station_code/站点编码（跨源统一关联键）"},{"name":"station_name","label":"station_name/站点名称"},{"name":"basin_code","label":"basin_code/流域编码"},{"name":"river_name","label":"river_name/河流名称"},{"name":"longitude","label":"longitude/经度"},{"name":"latitude","label":"latitude/纬度"},{"name":"admin_region_code","label":"admin_region_code/行政区划码"},{"name":"status","label":"status/1启用/0停用"},{"name":"created_at","label":"created_at/创建时间"},{"name":"updated_at","label":"updated_at/修改时间"}],"suggestion":"","warningLevel":"2","evaluateName":"站点经纬度范围与精度稽查"}'),
(25, 'ODS_STATION', 'STATION_CODE', '107', '字段字符类型校验', '1', '【准确性：字段字符类型校验】检查station_code不为空，且必须符合统一格式（如^[A-Z0-9_-]{3,32}$），避免站点编码缺失或异常。', 6, 11, 0, 0, TIMESTAMP '2025-09-30 14:52:41.471', '1', '0', NULL, NULL, TIMESTAMP '2025-09-30 14:52:41.547', NULL, NULL, TIMESTAMP '2025-09-30 14:52:41.547', NULL, '{"ignoreNullValue":"1","regex":"^[A-Z0-9_-]{3,32}$","errDescription":"","evaColumns":[{"name":"STATION_ID","label":"STATION_ID"},{"name":"STATION_CODE","label":"STATION_CODE"},{"name":"STATION_NAME","label":"STATION_NAME"},{"name":"BASIN_CODE","label":"BASIN_CODE"},{"name":"RIVER_NAME","label":"RIVER_NAME"},{"name":"LONGITUDE","label":"LONGITUDE"},{"name":"LATITUDE","label":"LATITUDE"},{"name":"ADMIN_REGION_CODE","label":"ADMIN_REGION_CODE"},{"name":"STATUS","label":"STATUS"},{"name":"CREATED_AT","label":"CREATED_AT"},{"name":"UPDATED_AT","label":"UPDATED_AT"}],"suggestion":"","warningLevel":"2","evaluateName":"站点编码非空与格式稽查","useRegexFlag":1,"allowedChars":["1"]}'),
(26, 'WATER_LEVEL', 'STATION_CODE,OBS_TIME', '311', '多字段组合唯一性校验', '3', '【唯一性：多字段组合唯一性校验】校验(station_code, obs_time)组合唯一，不得出现重复记录。', 7, 13, 13, 0, TIMESTAMP '2025-09-30 14:57:00.155', '1', '0', NULL, NULL, TIMESTAMP '2025-09-30 14:57:00.173', NULL, NULL, TIMESTAMP '2025-09-30 14:57:00.173', NULL, '{"errDescription":"","evaColumns":[{"name":"ID","label":"ID/记录主键（源）"},{"name":"STATION_CODE","label":"STATION_CODE/站点编码"},{"name":"OBS_TIME","label":"OBS_TIME/观测时间"},{"name":"WATER_LEVEL","label":"WATER_LEVEL/水位（米）"},{"name":"QUALITY_FLAG","label":"QUALITY_FLAG/源端质控标识"},{"name":"TS","label":"TS/源端变更时间"}],"suggestion":"","warningLevel":"2","evaluateName":"水位重复记录稽查"}'),
(27, 'ODS_HYD_WATER_LEVEL', 'STATION_CODE,OBS_TIME', '311', '多字段组合唯一性校验', '3', '【唯一性：多字段组合唯一性校验】校验(station_code, obs_time)组合唯一，不得出现重复记录。', 8, 14, 1000, 0, TIMESTAMP '2025-09-30 15:30:38.165', '1', '0', NULL, NULL, TIMESTAMP '2025-09-30 15:30:38.181', NULL, NULL, TIMESTAMP '2025-09-30 15:30:38.181', NULL, '{"errDescription":"","evaColumns":[{"name":"ID","label":"ID"},{"name":"STATION_CODE","label":"STATION_CODE"},{"name":"SENSOR_ID","label":"SENSOR_ID"},{"name":"OBS_TIME","label":"OBS_TIME"},{"name":"OBS_DATE","label":"OBS_DATE"},{"name":"WATER_LEVEL_M","label":"WATER_LEVEL_M"},{"name":"QUALITY_CODE","label":"QUALITY_CODE"},{"name":"SOURCE","label":"SOURCE"},{"name":"TRACE_ID","label":"TRACE_ID"},{"name":"EXT_JSON","label":"EXT_JSON"},{"name":"CREATED_AT","label":"CREATED_AT"}],"suggestion":"","warningLevel":"2","evaluateName":"水位重复记录稽查"}'),
(28, 'ODS_HYD_WATER_LEVEL', 'STATION_CODE,OBS_TIME', '311', '多字段组合唯一性校验', '3', '【唯一性：多字段组合唯一性校验】校验(station_code, obs_time)组合唯一，不得出现重复记录。', 9, 14, 1000, 0, TIMESTAMP '2025-09-30 15:30:41.027', '1', '0', NULL, NULL, TIMESTAMP '2025-09-30 15:30:41.039', NULL, NULL, TIMESTAMP '2025-09-30 15:30:41.039', NULL, '{"errDescription":"","evaColumns":[{"name":"ID","label":"ID"},{"name":"STATION_CODE","label":"STATION_CODE"},{"name":"SENSOR_ID","label":"SENSOR_ID"},{"name":"OBS_TIME","label":"OBS_TIME"},{"name":"OBS_DATE","label":"OBS_DATE"},{"name":"WATER_LEVEL_M","label":"WATER_LEVEL_M"},{"name":"QUALITY_CODE","label":"QUALITY_CODE"},{"name":"SOURCE","label":"SOURCE"},{"name":"TRACE_ID","label":"TRACE_ID"},{"name":"EXT_JSON","label":"EXT_JSON"},{"name":"CREATED_AT","label":"CREATED_AT"}],"suggestion":"","warningLevel":"2","evaluateName":"水位重复记录稽查"}'),
(29, 'ODS_WR_WATER_LEVEL', 'STATION_CODE,OBS_TIME', '311', '多字段组合唯一性校验', '3', '【唯一性：多字段组合唯一性校验】校验(station_code, obs_time)组合唯一，不得出现重复记录。', 10, 13, 1000, 0, TIMESTAMP '2025-09-30 15:36:06.247', '1', '0', NULL, NULL, TIMESTAMP '2025-09-30 15:36:06.263', NULL, NULL, TIMESTAMP '2025-09-30 15:36:06.263', NULL, '{"errDescription":"","evaColumns":[{"name":"ID","label":"ID"},{"name":"STATION_CODE","label":"STATION_CODE"},{"name":"OBS_TIME","label":"OBS_TIME"},{"name":"WATER_LEVEL","label":"WATER_LEVEL"},{"name":"QUALITY_FLAG","label":"QUALITY_FLAG"},{"name":"TS","label":"TS"}],"suggestion":"","warningLevel":"2","evaluateName":"水位重复记录稽查"}');

-- =====================================================
-- dm_data_layer (数仓分层管理)
-- =====================================================
DROP TABLE IF EXISTS public.dm_data_layer;

CREATE TABLE public.dm_data_layer (
  id BIGINT GENERATED BY DEFAULT AS IDENTITY PRIMARY KEY,
  name varchar(64) NOT NULL,
  eng_name varchar(32) NOT NULL,
  owner_user_id BIGINT NOT NULL,
  category char(1) NOT NULL DEFAULT '1',
  description varchar(1024),
  valid_flag varchar(1) NOT NULL DEFAULT '1',
  del_flag varchar(1) NOT NULL DEFAULT '0',
  create_by varchar(32),
  creator_id BIGINT,
  create_time timestamp(3) NOT NULL DEFAULT CURRENT_TIMESTAMP,
  update_by varchar(32),
  updater_id BIGINT,
  update_time timestamp(3) NOT NULL DEFAULT CURRENT_TIMESTAMP,
  remark varchar(1024)
);

INSERT INTO public.dm_data_layer (id, name, eng_name, owner_user_id, category, description, valid_flag, del_flag, create_by, creator_id, create_time, update_by, updater_id, update_time, remark) VALUES
(1, '操作数据层', 'ODS', 1, '1', '也叫贴源层,本层直接存放从业务系统抽取过来的数据,这些数据从结构上和数据上与业务系统保持一致,降低了数据抽取的复杂性。', '1', '0', '吴同', 2, TIMESTAMP '2026-03-25 09:46:09.722', '吴同', 2, TIMESTAMP '2026-03-25 09:46:09.722', NULL),
(2, '维度层', 'DIM', 1, '2', '以维度作为建模驱动，基于每个维度的业务含义，通过添加维度属性、关联维度等定义计算逻辑，完成属性定义的过程并建立一致的数据分析维表。为了避免在维度模型中冗余关联维度的属性，基于雪花模型构建维度表。', '1', '0', '吴同', 2, TIMESTAMP '2026-03-25 10:14:31.637', '吴同', 2, TIMESTAMP '2026-03-25 10:14:31.637', NULL),
(3, '明细数据层', 'DWD', 1, '2', '以业务过程作为建模驱动，基于每个具体的业务过程特点，构建最细粒度的明细事实表。可将某些重要属性字段做适当冗余，也即宽表化处理。', '1', '0', '吴同', 2, TIMESTAMP '2026-03-25 10:15:06.151', '吴同', 2, TIMESTAMP '2026-03-25 10:15:06.151', NULL),
(4, '汇总数据层', 'DWS', 1, '2', '以分析的主题对象作为建模驱动，基于上层的应用和产品的指标需求，构建公共粒度的汇总指标表。以宽表化手段物理化模型，构建命名规范、口径一致的统计指标，为上层提供公共指标，建立汇总宽表、明细事实表。', '1', '0', '吴同', 2, TIMESTAMP '2026-03-25 10:15:29.193', '吴同', 2, TIMESTAMP '2026-03-25 10:15:29.193', NULL),
(5, '数据应用层', 'ADS', 1, '3', '存放数据产品个性化的统计指标数据，报表数据。主要是提供给数据产品和数据分析使用的数据，通常根据业务需求，划分成流量、订单、用户等，生成字段比较多的宽表，用于提供后续的业务查询，OLAP分析，数据分发等。', '1', '0', '吴同', 2, TIMESTAMP '2026-03-25 10:15:52.556', '吴同', 2, TIMESTAMP '2026-03-25 10:15:52.556', NULL);

-- =====================================================
-- dm_data_layer_specification (数仓分层-规范管理)
-- =====================================================
DROP TABLE IF EXISTS public.dm_data_layer_specification;

CREATE TABLE public.dm_data_layer_specification (
  id BIGINT GENERATED BY DEFAULT AS IDENTITY PRIMARY KEY,
  data_layer_id BIGINT NOT NULL,
  prefix_name varchar(32) NOT NULL,
  business_eng_name varchar(32) NOT NULL,
  owner_user_id BIGINT NOT NULL,
  status char(1) NOT NULL DEFAULT '1',
  description varchar(1024),
  valid_flag varchar(1) NOT NULL DEFAULT '1',
  del_flag varchar(1) NOT NULL DEFAULT '0',
  create_by varchar(32),
  creator_id BIGINT,
  create_time timestamp(3) NOT NULL DEFAULT CURRENT_TIMESTAMP,
  update_by varchar(32),
  updater_id BIGINT,
  update_time timestamp(3) NOT NULL DEFAULT CURRENT_TIMESTAMP,
  remark varchar(1024),
  sort_order integer
);

INSERT INTO public.dm_data_layer_specification (id, data_layer_id, prefix_name, business_eng_name, owner_user_id, status, description, valid_flag, del_flag, create_by, creator_id, create_time, update_by, updater_id, update_time, remark, sort_order) VALUES
(1, 1, 'ODS_HYD_ST', 'HYD', 1, '1', '水文监测原始数据贴源接入，包含水位、流量、雨量等实时报汛数据', '1', '0', '吴同', 2, TIMESTAMP '2026-03-27 11:06:46.730', '吴同', 2, TIMESTAMP '2026-03-27 11:06:46.730', NULL, 1),
(2, 1, 'ODS_MET_ST', 'MET', 1, '1', '气象降雨原始数据，对接气象局降雨预报及实况观测数据', '1', '0', '吴同', 2, TIMESTAMP '2026-03-27 11:06:46.730', '吴同', 2, TIMESTAMP '2026-03-27 11:06:46.730', NULL, 2),
(3, 1, 'ODS_ENG_ST', 'ENG', 1, '1', '水利工程基础信息贴源数据，包含水库、堤防、闸泵等工程档案', '1', '0', '吴同', 2, TIMESTAMP '2026-03-27 11:06:46.730', '吴同', 2, TIMESTAMP '2026-03-27 11:06:46.730', NULL, 3),
(4, 1, 'ODS_WRM_ST', 'WRM', 1, '1', '水资源管理原始数据，取水许可、用水统计等业务系统贴源', '1', '0', '吴同', 2, TIMESTAMP '2026-03-27 11:06:46.730', '吴同', 2, TIMESTAMP '2026-03-27 11:06:46.730', NULL, 4),
(5, 1, 'ODS_FCD_ST', 'FCD', 1, '0', '防汛抗旱原始数据，汛情、险情、灾情及应急响应记录', '1', '0', '吴同', 2, TIMESTAMP '2026-03-27 11:06:46.000', '吴同', 2, TIMESTAMP '2026-03-27 11:09:00.863', NULL, 5),
(6, 2, 'DIM_HYD_STATION', 'HYD', 1, '1', '水文站点维度表，包含测站编码、位置、测站类型、监测要素等属性', '1', '0', '吴同', 2, TIMESTAMP '2026-03-27 11:06:46.730', '吴同', 2, TIMESTAMP '2026-03-27 11:06:46.730', NULL, 6),
(7, 2, 'DIM_ENG_PROJECT', 'ENG', 1, '1', '水利工程项目维度表，工程编码、名称、类型、规模、建设时间等', '1', '0', '吴同', 2, TIMESTAMP '2026-03-27 11:06:46.731', '吴同', 2, TIMESTAMP '2026-03-27 11:06:46.731', NULL, 7),
(8, 2, 'DIM_WRM_REGION', 'WRM', 1, '1', '水资源管理区划维度表，流域、水系、行政区、水资源分区', '1', '0', '吴同', 2, TIMESTAMP '2026-03-27 11:06:46.731', '吴同', 2, TIMESTAMP '2026-03-27 11:06:46.731', NULL, 8),
(9, 2, 'DIM_WQM_INDEX', 'WQM', 1, '1', '水质监测指标维度表，指标编码、名称、单位、标准限值、评价方法', '1', '0', '吴同', 2, TIMESTAMP '2026-03-27 11:06:46.731', '吴同', 2, TIMESTAMP '2026-03-27 11:06:46.731', NULL, 9),
(10, 2, 'DIM_FCD_EVENT', 'FCD', 1, '1', '防汛事件类型维度表，险情类别、灾情等级、应急响应级别定义', '1', '0', '吴同', 2, TIMESTAMP '2026-03-27 11:06:46.731', '吴同', 2, TIMESTAMP '2026-03-27 11:06:46.731', NULL, 10),
(11, 3, 'DWD_HYD_REALTIME', 'HYD', 1, '1', '实时水情监测明细数据，按时间序列存储水位流量过程数据', '1', '0', '吴同', 2, TIMESTAMP '2026-03-27 11:06:46.731', '吴同', 2, TIMESTAMP '2026-03-27 11:06:46.731', NULL, 11),
(12, 3, 'DWD_MET_RAINFALL', 'MET', 1, '1', '降雨监测明细数据，时段降雨量、降雨强度、面雨量计算结果', '1', '0', '吴同', 2, TIMESTAMP '2026-03-27 11:06:46.731', '吴同', 2, TIMESTAMP '2026-03-27 11:06:46.731', NULL, 12),
(13, 3, 'DWD_ENG_MONITOR', 'ENG', 1, '1', '工程安全监测明细，大坝渗流、变形、应力应变及视频监控AI识别', '1', '0', '吴同', 2, TIMESTAMP '2026-03-27 11:06:46.731', '吴同', 2, TIMESTAMP '2026-03-27 11:06:46.731', NULL, 13),
(14, 3, 'DWD_WRM_WITHDRAW', 'WRM', 1, '1', '取水许可执行明细，取水户、取水工程、许可水量、实时计量数据', '1', '0', '吴同', 2, TIMESTAMP '2026-03-27 11:06:46.731', '吴同', 2, TIMESTAMP '2026-03-27 11:06:46.731', NULL, 14),
(15, 3, 'DWD_FCD_DISASTER', 'FCD', 1, '1', '洪涝灾害事件明细，受灾人口、受灾面积、经济损失、抢险投入', '1', '0', '吴同', 2, TIMESTAMP '2026-03-27 11:06:46.731', '吴同', 2, TIMESTAMP '2026-03-27 11:06:46.731', NULL, 15),
(16, 4, 'DWS_HYD_DAILY', 'HYD', 1, '1', '水情日汇总数据，日最高水位、日最大流量、日均流量统计', '1', '0', '吴同', 2, TIMESTAMP '2026-03-27 11:06:46.731', '吴同', 2, TIMESTAMP '2026-03-27 11:06:46.731', NULL, 16),
(17, 4, 'DWS_MET_RAIN_STAT', 'MET', 1, '1', '降雨统计汇总，日降雨、旬降雨、月降雨、年降雨及历史排位', '1', '0', '吴同', 2, TIMESTAMP '2026-03-27 11:06:46.731', '吴同', 2, TIMESTAMP '2026-03-27 11:06:46.731', NULL, 17),
(18, 4, 'DWS_ENG_SAFETY', 'ENG', 1, '1', '工程安全评价汇总，病险水库数量、除险加固进度、安全鉴定结果', '1', '0', '吴同', 2, TIMESTAMP '2026-03-27 11:06:46.731', '吴同', 2, TIMESTAMP '2026-03-27 11:06:46.731', NULL, 18),
(19, 4, 'DWS_WRM_EFFICIENCY', 'WRM', 1, '1', '水资源利用效率汇总，万元GDP用水量、灌溉水有效利用系数', '1', '0', '吴同', 2, TIMESTAMP '2026-03-27 11:06:46.731', '吴同', 2, TIMESTAMP '2026-03-27 11:06:46.731', NULL, 19),
(20, 4, 'DWS_FCD_DEFENSE', 'FCD', 1, '1', '防汛减灾成效汇总，洪水预报准确率、灾害损失率、人员转移数量', '1', '0', '吴同', 2, TIMESTAMP '2026-03-27 11:06:46.731', '吴同', 2, TIMESTAMP '2026-03-27 11:06:46.731', NULL, 20),
(21, 5, 'ADS_HYD_FORECAST', 'HYD', 1, '1', '洪水预报应用数据，预报方案、模型参数、预报结果、精度评定', '1', '0', '吴同', 2, TIMESTAMP '2026-03-27 11:06:46.731', '吴同', 2, TIMESTAMP '2026-03-27 11:06:46.731', NULL, 21),
(22, 5, 'ADS_ENG_DISPATCH', 'ENG', 1, '1', '工程调度应用数据，水库群联合调度方案、防洪兴利优化计算', '1', '0', '吴同', 2, TIMESTAMP '2026-03-27 11:06:46.731', '吴同', 2, TIMESTAMP '2026-03-27 11:06:46.731', NULL, 22),
(23, 5, 'ADS_WRM_BALANCE', 'WRM', 1, '1', '水资源配置应用，水量平衡分析、供需预测、配置方案模拟', '1', '0', '吴同', 2, TIMESTAMP '2026-03-27 11:06:46.731', '吴同', 2, TIMESTAMP '2026-03-27 11:06:46.731', NULL, 23),
(24, 5, 'ADS_WQM_ASSESS', 'WQM', 1, '1', '水质评价应用数据，水功能区达标评价、水源地安全评估报告', '1', '0', '吴同', 2, TIMESTAMP '2026-03-27 11:06:46.731', '吴同', 2, TIMESTAMP '2026-03-27 11:06:46.731', NULL, 24),
(25, 5, 'ADS_FCD_COMMAND', 'FCD', 1, '1', '防汛指挥应用数据，实时汛情一张图、调度指令、应急响应联动', '1', '0', '吴同', 2, TIMESTAMP '2026-03-27 11:06:46.731', '吴同', 2, TIMESTAMP '2026-03-27 11:06:46.731', NULL, 25);

-- =====================================================
-- dm_theme_domain (主题域管理)
-- =====================================================
DROP TABLE IF EXISTS public.dm_theme_domain;

CREATE TABLE public.dm_theme_domain (
  id BIGINT GENERATED BY DEFAULT AS IDENTITY PRIMARY KEY,
  code varchar(128) NOT NULL,
  name varchar(64) NOT NULL,
  eng_name varchar(32) NOT NULL,
  parent_id BIGINT,
  owner_user_id BIGINT NOT NULL,
  data_layer_id BIGINT NOT NULL,
  description varchar(1024),
  valid_flag varchar(1) NOT NULL DEFAULT '1',
  del_flag varchar(1) NOT NULL DEFAULT '0',
  create_by varchar(32),
  creator_id BIGINT,
  create_time timestamp(3) NOT NULL DEFAULT CURRENT_TIMESTAMP,
  update_by varchar(32),
  updater_id BIGINT,
  update_time timestamp(3) NOT NULL DEFAULT CURRENT_TIMESTAMP,
  remark varchar(1024)
);

INSERT INTO public.dm_theme_domain (id, code, name, eng_name, parent_id, owner_user_id, data_layer_id, description, valid_flag, del_flag, create_by, creator_id, create_time, update_by, updater_id, update_time, remark) VALUES
(1, 'A01', '水文气象域', 'HYD_MET', 0, 2, 1, '水文监测与气象降雨基础数据加工', '0', '0', '吴同', 2, TIMESTAMP '2026-03-27 10:51:05.434', '吴同', 2, TIMESTAMP '2026-03-27 11:08:26.057', NULL),
(2, 'A02', '水利工程域', 'ENG_ODL', 0, 2, 1, '水库堤防闸泵工程数据标准化', '1', '0', '吴同', 2, TIMESTAMP '2026-03-27 10:51:05.434', '吴同', 2, TIMESTAMP '2026-03-27 10:51:05.434', NULL),
(3, 'A03', '水资源域', 'WRM_ODL', 0, 2, 1, '取水用水节水业务数据整合', '1', '0', '吴同', 2, TIMESTAMP '2026-03-27 10:51:05.435', '吴同', 2, TIMESTAMP '2026-03-27 10:51:05.435', NULL),
(4, 'A04', '水环境域', 'WQM_DIM', 0, 2, 2, '水质监测站点与指标维度定义', '1', '0', '吴同', 2, TIMESTAMP '2026-03-27 10:51:05.435', '吴同', 2, TIMESTAMP '2026-03-27 10:51:05.435', NULL),
(5, 'A05', '防汛减灾域', 'FCD_DWD', 0, 2, 3, '汛情险情灾情事件明细数据', '1', '0', '吴同', 2, TIMESTAMP '2026-03-27 10:51:05.435', '吴同', 2, TIMESTAMP '2026-03-27 10:51:05.435', NULL),
(6, 'A01A01', '实时雨情监测', 'RAI_ODL', 1, 2, 1, '降雨量、降雨强度、面雨量计算数据', '0', '0', '吴同', 2, TIMESTAMP '2026-03-27 10:51:05.435', '吴同', 2, TIMESTAMP '2026-03-27 10:51:05.435', NULL),
(7, 'A01A02', '实时水情监测', 'HYD_ODL', 1, 2, 1, '水位、流量、流速、含沙量监测数据', '0', '0', '吴同', 2, TIMESTAMP '2026-03-27 10:51:05.435', '吴同', 2, TIMESTAMP '2026-03-27 10:51:05.435', NULL),
(8, 'A01A03', '洪水预报输入', 'FFC_INP', 1, 2, 3, '预报模型输入数据，包括降雨预报、边界条件、初始场', '0', '0', '吴同', 2, TIMESTAMP '2026-03-27 10:51:05.435', '吴同', 2, TIMESTAMP '2026-03-27 10:51:05.435', NULL),
(9, 'A02A01', '水库大坝安全', 'RES_DWD', 2, 2, 3, '水库水位、渗流、变形、应力应变监测明细', '1', '0', '吴同', 2, TIMESTAMP '2026-03-27 10:51:05.435', '吴同', 2, TIMESTAMP '2026-03-27 10:51:05.435', NULL),
(10, 'A02A02', '堤防闸泵工程', 'DYK_DWD', 2, 2, 3, '堤防断面、险工险段、穿堤建筑物、泵站运行数据', '1', '0', '吴同', 2, TIMESTAMP '2026-03-27 10:51:05.435', '吴同', 2, TIMESTAMP '2026-03-27 10:51:05.435', NULL),
(11, 'A02A03', '工程安全鉴定', 'SAF_DWS', 2, 2, 4, '大坝安全鉴定、堤防安全评价、闸泵站安全认定汇总', '1', '0', '吴同', 2, TIMESTAMP '2026-03-27 10:51:05.435', '吴同', 2, TIMESTAMP '2026-03-27 10:51:05.435', NULL),
(12, 'A03A01', '取水许可管理', 'WLP_DWD', 3, 2, 3, '取水许可证、取水工程、取水计量、取水计划明细', '1', '0', '吴同', 2, TIMESTAMP '2026-03-27 10:51:05.435', '吴同', 2, TIMESTAMP '2026-03-27 10:51:05.435', NULL),
(13, 'A03A02', '用水统计核算', 'WUS_DWS', 3, 2, 4, '工业农业生活生态用水量、用水效率、节水指标汇总', '1', '0', '吴同', 2, TIMESTAMP '2026-03-27 10:51:05.435', '吴同', 2, TIMESTAMP '2026-03-27 10:51:05.435', NULL),
(14, 'A03A03', '水权交易流转', 'WRT_APP', 3, 2, 5, '水权确权登记、交易撮合、交易结算、监管预警', '1', '0', '吴同', 2, TIMESTAMP '2026-03-27 10:51:05.435', '吴同', 2, TIMESTAMP '2026-03-27 10:51:05.435', NULL),
(15, 'A04A01', '水源地水质', 'WSW_DWS', 4, 2, 4, '饮用水水源地水质达标率、富营养化指数汇总', '1', '0', '吴同', 2, TIMESTAMP '2026-03-27 10:51:05.435', '吴同', 2, TIMESTAMP '2026-03-27 10:51:05.435', NULL),
(16, 'A04A02', '河湖断面监测', 'SEC_DWD', 4, 2, 3, '国考省考断面水质监测数据，COD、氨氮、总磷等指标', '1', '0', '吴同', 2, TIMESTAMP '2026-03-27 10:51:05.435', '吴同', 2, TIMESTAMP '2026-03-27 10:51:05.435', NULL),
(17, 'A04A03', '水生态评估', 'WEA_APP', 4, 2, 5, '河湖生态流量、水生态健康评价、生物多样性指数', '1', '0', '吴同', 2, TIMESTAMP '2026-03-27 10:51:05.435', '吴同', 2, TIMESTAMP '2026-03-27 10:51:05.435', NULL),
(18, 'A05A01', '洪水预报调度', 'FFC_APP', 5, 2, 5, '洪水预报结果、调度方案、风险预警应用数据', '1', '0', '吴同', 2, TIMESTAMP '2026-03-27 10:51:05.435', '吴同', 2, TIMESTAMP '2026-03-27 10:51:05.435', NULL),
(19, 'A05A02', '险情灾情管理', 'DIS_DWD', 5, 2, 3, '险情上报、灾情统计、物资调配、抢险队伍调度', '1', '0', '吴同', 2, TIMESTAMP '2026-03-27 10:51:05.435', '吴同', 2, TIMESTAMP '2026-03-27 10:51:05.435', NULL),
(20, 'A05A03', '山洪灾害预警', 'MFL_APP', 5, 2, 5, '山洪危险区、预警指标、实时预警、人员转移', '1', '0', '吴同', 2, TIMESTAMP '2026-03-27 10:51:05.435', '吴同', 2, TIMESTAMP '2026-03-27 10:51:05.435', NULL);

-- =====================================================
-- dm_data_domain (数据域管理)
-- =====================================================
DROP TABLE IF EXISTS public.dm_data_domain;

CREATE TABLE public.dm_data_domain (
  id BIGINT GENERATED BY DEFAULT AS IDENTITY PRIMARY KEY,
  name varchar(64) NOT NULL,
  eng_name varchar(32) NOT NULL,
  owner_user_id BIGINT NOT NULL,
  description varchar(1024),
  valid_flag varchar(1) NOT NULL DEFAULT '1',
  del_flag varchar(1) NOT NULL DEFAULT '0',
  create_by varchar(32),
  creator_id BIGINT,
  create_time timestamp(3) NOT NULL DEFAULT CURRENT_TIMESTAMP,
  update_by varchar(32),
  updater_id BIGINT,
  update_time timestamp(3) NOT NULL DEFAULT CURRENT_TIMESTAMP,
  remark varchar(1024)
);

INSERT INTO public.dm_data_domain (id, name, eng_name, owner_user_id, description, valid_flag, del_flag, create_by, creator_id, create_time, update_by, updater_id, update_time, remark) VALUES
(1, '水文监测数据域', 'HYD', 2, '水位、流量、流速、含沙量等实时水文要素监测数据', '1', '0', '吴同', 2, TIMESTAMP '2026-03-27 10:09:54.001', '吴同', 2, TIMESTAMP '2026-03-27 10:09:33.655', NULL),
(2, '气象降雨数据域', 'MET', 2, '降雨量、蒸发量、气温、湿度等气象观测数据', '1', '0', '吴同', 2, TIMESTAMP '2026-03-27 10:09:54.002', '吴同', 2, TIMESTAMP '2026-03-27 10:09:54.489', NULL),
(3, '水文监测数据域', 'HYD', 2, '水位、流量、流速、含沙量等实时水文要素监测数据', '1', '0', '吴同', 2, TIMESTAMP '2026-03-27 10:09:54.003', '吴同', 2, TIMESTAMP '2026-03-27 10:13:28.342', NULL),
(4, '气象降雨数据域', 'MET', 2, '降雨量、蒸发量、气温、湿度等气象观测数据', '1', '0', '吴同', 2, TIMESTAMP '2026-03-27 10:09:54.004', '吴同', 2, TIMESTAMP '2026-03-27 10:13:28.342', NULL),
(5, '水库工程数据域', 'RES', 2, '水库基本信息、特征水位、库容曲线、大坝安全监测', '1', '0', '吴同', 2, TIMESTAMP '2026-03-27 10:09:54.005', '吴同', 2, TIMESTAMP '2026-03-27 10:13:28.342', NULL),
(6, '河道堤防数据域', 'RIV', 2, '河道断面、堤防高程、险工险段、护岸工程信息', '1', '0', '吴同', 2, TIMESTAMP '2026-03-27 10:09:54.006', '吴同', 2, TIMESTAMP '2026-03-27 10:13:28.342', NULL),
(7, '灌区管理数据域', 'IRR', 2, '灌区范围、灌溉面积、渠系分布、用水计划与计量', '1', '0', '吴同', 2, TIMESTAMP '2026-03-27 10:09:54.007', '吴同', 2, TIMESTAMP '2026-03-27 10:13:28.342', NULL),
(8, '水资源管理数据域', 'WRM', 2, '取水许可、水资源费征收、水量分配、节水管理', '1', '0', '吴同', 2, TIMESTAMP '2026-03-27 10:09:54.008', '吴同', 2, TIMESTAMP '2026-03-27 10:13:28.342', NULL),
(9, '水质监测数据域', 'WQM', 2, '水源地、河湖断面水质监测数据，COD、氨氮等指标', '1', '0', '吴同', 2, TIMESTAMP '2026-03-27 10:09:54.009', '吴同', 2, TIMESTAMP '2026-03-27 10:13:28.342', NULL),
(10, '水土保持数据域', 'SWC', 2, '小流域治理、淤地坝、坡耕地、水土流失监测', '1', '0', '吴同', 2, TIMESTAMP '2026-03-27 10:09:54.010', '吴同', 2, TIMESTAMP '2026-03-27 10:13:28.342', NULL),
(11, '农村供水数据域', 'RWS', 2, '农村饮水安全工程、水厂运行、供水管网、水质达标', '1', '0', '吴同', 2, TIMESTAMP '2026-03-27 10:09:54.011', '吴同', 2, TIMESTAMP '2026-03-27 10:13:28.342', NULL),
(12, '防汛抗旱数据域', 'FCD', 2, '汛情预警、险情灾情、物资储备、应急响应调度', '1', '0', '吴同', 2, TIMESTAMP '2026-03-27 10:09:54.012', '吴同', 2, TIMESTAMP '2026-03-27 10:13:28.342', NULL),
(13, '水利工程数据域', 'ENG', 2, '水利基建项目、除险加固、运行维护、安全鉴定', '1', '0', '吴同', 2, TIMESTAMP '2026-03-27 10:09:54.013', '吴同', 2, TIMESTAMP '2026-03-27 10:13:28.342', NULL);

-- =============================================
-- dm_business_category (业务分类)
-- =============================================
DROP TABLE IF EXISTS public.dm_business_category;

CREATE TABLE public.dm_business_category (
  id BIGINT NOT NULL PRIMARY KEY,
  name varchar(256) NOT NULL,
  eng_name varchar(256),
  owner_user_id BIGINT,
  description varchar(512),
  valid_flag varchar(1) NOT NULL DEFAULT '1',
  del_flag varchar(1) NOT NULL DEFAULT '0',
  create_by varchar(32),
  creator_id BIGINT,
  create_time timestamp NOT NULL DEFAULT CURRENT_TIMESTAMP,
  update_by varchar(32),
  updater_id BIGINT,
  update_time timestamp NOT NULL DEFAULT CURRENT_TIMESTAMP,
  remark varchar(512)
);

COMMENT ON TABLE public.dm_business_category IS '业务分类';

-- =============================================
-- ALTER da_asset: 补齐 V1.5.0 新增字段
-- 这些字段不通过 DDL 重建（表已有正式数据），
-- 新装时请直接使用完整 init.sql 方案
-- =============================================
ALTER TABLE da_asset ADD COLUMN IF NOT EXISTS table_type varchar(10) DEFAULT '1';
ALTER TABLE da_asset ADD COLUMN IF NOT EXISTS data_layer_id bigint;
ALTER TABLE da_asset ADD COLUMN IF NOT EXISTS business_category_id bigint;
ALTER TABLE da_asset ADD COLUMN IF NOT EXISTS business_category_code varchar(256);
ALTER TABLE da_asset ADD COLUMN IF NOT EXISTS data_domain_id bigint;
ALTER TABLE da_asset ADD COLUMN IF NOT EXISTS theme_domain_id bigint;
ALTER TABLE da_asset ADD COLUMN IF NOT EXISTS theme_domain_code varchar(256);
ALTER TABLE da_asset ADD COLUMN IF NOT EXISTS table_case varchar(10);
ALTER TABLE da_asset ADD COLUMN IF NOT EXISTS table_id bigint;

-- =============================================
-- ALTER dpp_evaluate_log: 统一类型匹配 DO
-- =============================================
ALTER TABLE dpp_evaluate_log ALTER COLUMN task_log_id TYPE varchar(255);
ALTER TABLE dpp_evaluate_log ALTER COLUMN evaluate_id TYPE varchar(255);
ALTER TABLE dpp_evaluate_log ALTER COLUMN total TYPE bigint;
ALTER TABLE dpp_evaluate_log ALTER COLUMN problem_total TYPE bigint;
