id,cat_type,name,parent_id,sort_order,description,code,space_id,space_code,valid_flag,del_flag,create_by,creator_id,create_time,update_by,updater_id,update_time
1,ASSET,默认类目,0,0,,A01,1,BANK_CUSTOMER_ACCOUNT,True,True,吴大同,1,2025-09-16 17:05:11,吴大同,1,2025-09-16 17:05:11
2,ASSET,基础数据,0,2,资产的基础数据类目,A01,1,BANK_CUSTOMER_ACCOUNT,True,True,吴同,2,2025-09-18 16:36:45,吴同,2,2025-09-18 16:40:11
3,ASSET,水利工程,2,0,水利工程的基础数据类目,A01A01,1,BANK_CUSTOMER_ACCOUNT,True,True,吴同,2,2025-09-18 16:36:56,吴同,2,2025-09-18 16:36:56
4,ASSET,监测站（点）,2,0,监测站（点）的基础数据类目,A01A02,1,BANK_CUSTOMER_ACCOUNT,True,True,吴同,2,2025-09-18 16:37:11,吴同,2,2025-09-18 16:37:11
5,ASSET,江河湖泊,0,1,水利业务方面的江河湖泊类目,A02,1,BANK_CUSTOMER_ACCOUNT,True,True,吴同,2,2025-09-18 16:38:44,吴同,2,2025-09-18 16:38:44
6,ASSET,流域,5,0,流域的基础数据类目,A02A01,1,BANK_CUSTOMER_ACCOUNT,True,True,吴同,2,2025-09-18 16:38:54,吴同,2,2025-09-18 16:38:54
7,ASSET,河流,5,0,河流的基础数据类目,A02A02,1,BANK_CUSTOMER_ACCOUNT,True,True,吴同,2,2025-09-18 16:39:07,吴同,2,2025-09-18 16:39:07
8,ASSET,湖泊,5,0,湖泊的基础数据类目,A02A03,1,BANK_CUSTOMER_ACCOUNT,True,True,吴同,2,2025-09-18 16:39:18,吴同,2,2025-09-18 16:39:18
12,ASSET,水环境,9,0,水环境相关数据，包括调查、评估和治理信息,A03A03,1,BANK_CUSTOMER_ACCOUNT,True,True,吴同,2,2025-09-18 16:40:40,吴同,2,2025-09-18 16:40:40
21,ASSET,水资源调度,16,0,,A04A03,1,BANK_CUSTOMER_ACCOUNT,True,False,吴同,2,2025-09-19 17:00:49,吴同,2,2025-09-19 17:00:49
22,ASSET,水旱灾害防御,16,1,,A04A04,1,BANK_CUSTOMER_ACCOUNT,True,False,吴同,2,2025-09-19 17:00:55,吴同,2,2025-09-19 17:00:55
23,ASSET,水文监测,16,2,,A04A05,1,BANK_CUSTOMER_ACCOUNT,True,False,吴同,2,2025-09-19 17:01:05,吴同,2,2025-09-19 17:01:05
24,ASSET,水资源调度,17,0,,A05A01,1,BANK_CUSTOMER_ACCOUNT,True,False,吴同,2,2025-09-19 17:01:16,吴同,2,2025-09-19 17:01:16
25,ASSET,水旱灾害防御,17,1,,A05A02,1,BANK_CUSTOMER_ACCOUNT,True,False,吴同,2,2025-09-19 17:01:21,吴同,2,2025-09-19 17:01:21
26,ASSET,水文监测,17,2,,A05A03,1,BANK_CUSTOMER_ACCOUNT,True,False,吴同,2,2025-09-19 17:01:29,吴同,2,2025-09-19 17:01:29
27,ASSET,水利工程,17,3,,A05A04,1,BANK_CUSTOMER_ACCOUNT,True,False,吴同,2,2025-09-19 17:01:36,吴同,2,2025-09-19 17:01:36
28,ASSET,农村水利,17,4,,A05A05,1,BANK_CUSTOMER_ACCOUNT,True,False,吴同,2,2025-09-19 17:01:48,吴同,2,2025-09-19 17:01:48
29,ASSET,水资源调度,18,0,,A06A01,1,BANK_CUSTOMER_ACCOUNT,True,False,吴同,2,2025-09-19 17:01:56,吴同,2,2025-09-19 17:01:56
30,ASSET,水旱灾害防御,18,1,,A06A02,1,BANK_CUSTOMER_ACCOUNT,True,False,吴同,2,2025-09-19 17:02:03,吴同,2,2025-09-19 17:02:03
31,ASSET,水文监测,18,2,,A06A03,1,BANK_CUSTOMER_ACCOUNT,True,False,吴同,2,2025-09-19 17:02:09,吴同,2,2025-09-19 17:02:09
32,ASSET,水利工程,18,3,,A06A04,1,BANK_CUSTOMER_ACCOUNT,True,False,吴同,2,2025-09-19 17:02:20,吴同,2,2025-09-19 17:02:20
33,ASSET,农村水利,18,4,,A06A05,1,BANK_CUSTOMER_ACCOUNT,True,False,吴同,2,2025-09-19 17:02:27,吴同,2,2025-09-19 17:02:27
9,ASSET,信贷资产,0,0,贷款、垫款等信贷类资产,A03,1,BANK_CUSTOMER_ACCOUNT,True,False,吴同,2,2025-09-18 16:39:38,吴同,2,2025-09-19 17:03:14
10,ASSET,公司贷款,9,2,对公流动资金贷款、项目贷款,A03A01,1,BANK_CUSTOMER_ACCOUNT,True,False,吴同,2,2025-09-18 16:40:03,吴同,2,2025-09-19 17:00:12
11,ASSET,个人贷款,9,0,个人住房贷款、消费贷款、经营贷款,A03A02,1,BANK_CUSTOMER_ACCOUNT,True,False,吴同,2,2025-09-18 16:40:29,吴同,2,2025-09-19 16:57:37
13,ASSET,票据资产,9,3,银行承兑汇票、商业承兑汇票,A03A04,1,BANK_CUSTOMER_ACCOUNT,True,False,吴同,2,2025-09-18 16:40:52,吴同,2,2025-09-19 17:00:17
14,ASSET,投资资产,9,4,债券投资、基金投资、股权投资,A03A05,1,BANK_CUSTOMER_ACCOUNT,True,False,吴同,2,2025-09-18 16:41:10,吴同,2,2025-09-19 17:00:22
15,ASSET,现金及存放,9,1,库存现金、存放央行、存放同业,A03A06,1,BANK_CUSTOMER_ACCOUNT,True,False,吴同,2,2025-09-18 16:41:23,吴同,2,2025-09-19 17:00:06
16,ASSET,同业资产,0,1,拆出资金、买入返售金融资产,A04,1,BANK_CUSTOMER_ACCOUNT,True,False,吴同,2,2025-09-19 16:56:47,吴同,2,2025-09-23 09:33:06
17,ASSET,固定资产,0,2,办公设备、房产、交通工具,A05,1,BANK_CUSTOMER_ACCOUNT,True,False,吴同,2,2025-09-19 16:57:10,吴同,2,2025-09-23 09:33:33
18,ASSET,无形资产,0,3,软件系统、专利权、商标权,A06,1,BANK_CUSTOMER_ACCOUNT,True,False,吴同,2,2025-09-19 16:57:17,吴同,2,2025-09-23 09:33:53
19,ASSET,表外资产,16,3,承诺、担保、信用证等表外业务,A04A01,1,BANK_CUSTOMER_ACCOUNT,True,False,吴同,2,2025-09-19 16:59:40,吴同,2,2025-09-19 17:00:41
20,ASSET,不良资产,16,4,次级、可疑、损失类贷款,A04A02,1,BANK_CUSTOMER_ACCOUNT,True,False,吴同,2,2025-09-19 16:59:46,吴同,2,2025-09-19 17:00:30
34,TASK,水质与生态,0,3,,A06,1,BANK_CUSTOMER_ACCOUNT,True,False,吴同,2,2025-09-19 17:17:41,吴同,2,2025-09-19 17:17:41
35,TASK,报表与统计,34,0,,A06A01,1,BANK_CUSTOMER_ACCOUNT,False,True,吴同,2,2025-09-19 17:17:54,吴同,2,2025-09-19 17:18:04
36,TASK,报表与统计,33,0,,A05A01,1,BANK_CUSTOMER_ACCOUNT,True,False,吴同,2,2025-09-19 17:18:17,吴同,2,2025-09-19 17:18:17
37,TASK,分析与建模,33,1,,A05A02,1,BANK_CUSTOMER_ACCOUNT,True,False,吴同,2,2025-09-19 17:18:22,吴同,2,2025-09-19 17:18:22
38,TASK,批处理开发,33,2,,A05A03,1,BANK_CUSTOMER_ACCOUNT,True,False,吴同,2,2025-09-19 17:18:34,吴同,2,2025-09-19 17:18:34
39,TASK,流处理开发,33,3,,A05A04,1,BANK_CUSTOMER_ACCOUNT,True,False,吴同,2,2025-09-19 17:18:40,吴同,2,2025-09-19 17:18:40
40,TASK,汇总与专题,33,4,,A05A05,1,BANK_CUSTOMER_ACCOUNT,True,False,吴同,2,2025-09-19 17:18:48,吴同,2,2025-09-19 17:18:48
41,TASK,服务与发布,33,5,,A05A06,1,BANK_CUSTOMER_ACCOUNT,True,False,吴同,2,2025-09-19 17:18:53,吴同,2,2025-09-19 17:18:53
42,TASK,安全与治理,33,6,,A05A07,1,BANK_CUSTOMER_ACCOUNT,True,False,吴同,2,2025-09-19 17:19:00,吴同,2,2025-09-19 17:19:00
43,TASK,报表与统计,34,0,,A06A01,1,BANK_CUSTOMER_ACCOUNT,True,False,吴同,2,2025-09-19 17:19:11,吴同,2,2025-09-19 17:19:11
44,TASK,分析与建模,34,1,,A06A02,1,BANK_CUSTOMER_ACCOUNT,True,False,吴同,2,2025-09-19 17:19:20,吴同,2,2025-09-19 17:19:36
45,TASK,批处理开发,34,2,,A06A03,1,BANK_CUSTOMER_ACCOUNT,True,False,吴同,2,2025-09-19 17:19:27,吴同,2,2025-09-19 17:19:27
46,TASK,流处理开发,34,3,,A06A04,1,BANK_CUSTOMER_ACCOUNT,True,False,吴同,2,2025-09-19 17:19:42,吴同,2,2025-09-19 17:19:42
47,TASK,汇总与专题,34,4,,A06A05,1,BANK_CUSTOMER_ACCOUNT,True,False,吴同,2,2025-09-19 17:19:47,吴同,2,2025-09-19 17:19:47
48,TASK,服务与发布,34,5,,A06A06,1,BANK_CUSTOMER_ACCOUNT,True,False,吴同,2,2025-09-19 17:19:53,吴同,2,2025-09-19 17:19:53
49,TASK,安全与治理,34,6,,A06A07,1,BANK_CUSTOMER_ACCOUNT,True,False,吴同,2,2025-09-19 17:19:58,吴同,2,2025-09-19 17:19:58
50,TASK,数据接入采集,3,7,,A03A08,1,BANK_CUSTOMER_ACCOUNT,True,False,吴同,2,2025-09-22 12:55:27,吴同,2,2025-09-22 13:38:00
51,TASK,清洗和标准化,3,8,,A03A09,1,BANK_CUSTOMER_ACCOUNT,True,False,吴同,2,2025-09-22 13:37:54,吴同,2,2025-09-22 13:37:54
52,CLEAN,关键词脱敏,47,0,规则描述：将字段值中包含的敏感词进行掩码处理，支持配置脱敏字符,A05A02A01,1,BANK_CUSTOMER_ACCOUNT,False,True,吴同,1,2025-08-11 11:52:06,吴同,1,2025-08-11 11:52:06
53,CLEAN,敏感词替换,47,1,规则描述：将命中词表中的敏感词替换为指定文本（如“未知”、“违规内容”）,A05A02A02,1,BANK_CUSTOMER_ACCOUNT,False,True,吴同,1,2025-08-11 11:52:17,吴同,1,2025-08-11 11:52:17
54,CLEAN,及时性调整,0,5,,A06,1,BANK_CUSTOMER_ACCOUNT,True,False,吴同,1,2025-08-11 14:01:07,吴同,1,2025-08-11 14:01:09
55,CLEAN,未来时间修正类,54,0,,A06A01,1,BANK_CUSTOMER_ACCOUNT,True,False,吴同,1,2025-08-11 14:01:17,吴同,1,2025-08-11 14:01:17
56,CLEAN,更新时间缺失填补类,54,1,,A06A02,1,BANK_CUSTOMER_ACCOUNT,True,False,吴同,1,2025-08-11 14:01:26,吴同,1,2025-08-11 14:01:26
57,CLEAN,过期时间处理类,54,2,,A06A03,1,BANK_CUSTOMER_ACCOUNT,True,False,吴同,1,2025-08-11 14:01:33,吴同,1,2025-08-11 14:01:33
58,CLEAN,修正未来时间值,55,0,规则描述：当时间字段值晚于当前时间时，自动修正为当前时间或指定边界值,A06A01A01,1,BANK_CUSTOMER_ACCOUNT,False,True,吴同,1,2025-08-11 14:01:47,吴同,1,2025-08-11 14:01:47
59,CLEAN,校正超前时间差值,55,1,规则描述：当字段时间超过当前时间指定间隔（如7天）时，进行修正处理,A06A01A02,1,BANK_CUSTOMER_ACCOUNT,False,True,吴同,1,2025-08-11 14:02:00,吴同,1,2025-08-11 14:02:00
60,CLEAN,填补空时间为当前时间,56,0,规则描述：当时间字段为空时，填充为系统当前时间或默认时间,A06A02A01,1,BANK_CUSTOMER_ACCOUNT,False,True,吴同,1,2025-08-11 14:02:14,吴同,1,2025-08-11 14:02:14
61,CLEAN,清理过期记录,57,0,规则描述：当记录中的时间字段早于当前时间指定阈值时（如30天），标记或删除,A06A03A01,1,BANK_CUSTOMER_ACCOUNT,True,True,吴同,1,2025-08-11 14:02:23,吴同,1,2025-08-11 14:02:23
62,CLEAN,修正历史时间边界,57,1,规则描述：当字段值早于系统可接受最早时间时，替换为指定边界值,A06A03A02,1,BANK_CUSTOMER_ACCOUNT,False,True,吴同,1,2025-08-11 14:02:35,吴同,1,2025-08-11 14:02:35
